{"model_name": "DuoDQN_05_04_2021_01", "turn_bins": 721, "speed_bins": 201, "min_speed": 0.0, "max_speed": 0.02, "max_turn": 3.141592653589793, "degrees": 360, "num_bins_rays": 36, "nn_layers": [[505, 155, 358], [505, 155, 358]], "nn_norm": [false, false], "explore_fraction": [0.4470312825326068, 0.4470312825326068], "training_timesteps": 120000, "sequential_timesteps": 1000, "perc": [0, 1], "mode": ["both", "fish", "wall"], "gamma": [0.7229191996634208, 0.7229191996634208], "lr": [0.0005058382805810157, 0.0005058382805810157], "n_batch": [6, 6], "buffer_size": [87000, 87000], "learn_partner": "self", "clipping_during_training": false, "last_act": false}