{"model_name": "DuoDQN_12_04_2021_01", "turn_bins": 721, "speed_bins": 201, "min_speed": 0.0, "max_speed": 0.02, "max_turn": 3.141592653589793, "degrees": 360, "num_bins_rays": 36, "nn_layers": [[31, 441, 21], [31, 441, 21]], "nn_norm": [false, false], "explore_fraction": [0.38892184785150113, 0.38892184785150113], "training_timesteps": 257000, "sequential_timesteps": 1000, "perc": [0], "mode": ["both"], "gamma": [0.6758029369001509, 0.6758029369001509], "lr": [7.172754759641419e-05, 7.172754759641419e-05], "n_batch": [32, 32], "buffer_size": [50000, 50000], "learn_partner": "self", "clipping_during_training": true, "last_act": false}