{"model_name": "DuoDQN_07_03_2021_01", "turn_bins": 360, "speed_bins": 30, "min_speed": 0.0, "max_speed": 0.03, "max_turn": 1.5707963267948966, "degrees": 360, "num_bins_rays": 36, "nn_layers": [[261, 464, 282, 16], [33, 33, 250]], "nn_norm": [false, true], "explore_fraction": [0.3286393098662034, 0.1753420641518118], "training_timesteps": 47000, "sequential_timesteps": 1000, "perc": [0], "gamma": [0.766168507993357, 0.99418711074682], "lr": [2.1422597748765916e-06, 0.00017526281428666067], "n_batch": [73, 53], "buffer_size": [100000.0, 100000.0]}