{"model_name": "DuoDQN_17_04_2021_01", "turn_bins": 721, "speed_bins": 201, "min_speed": 0.0, "max_speed": 0.02, "max_turn": 3.141592653589793, "degrees": 360, "num_bins_rays": 36, "nn_layers": [[45, 37, 59], [45, 37, 59]], "nn_norm": [false, false], "explore_fraction": [0.033984583040500144, 0.033984583040500144], "training_timesteps": 65000, "sequential_timesteps": 1000, "perc": [0], "mode": ["both"], "gamma": [0.7051940621911275, 0.7051940621911275], "lr": [4.551892284003441e-06, 4.551892284003441e-06], "n_batch": [32, 32], "buffer_size": [50000, 50000], "learn_partner": "self", "clipping_during_training": true, "last_act": false}