{"percentage": [1, 2, 3, 4, 5, 6, 7, 8, 9, 10, 11, 12, 13, 14, 15, 16, 17, 18, 19, 20], "threshhold": [1.5886040925979614, 2.345729887485504, 2.814815878868103, 3.205552041530609, 3.4888347387313843, 3.7192299365997314, 3.914858877658844, 4.08408123254776, 4.233931541442871, 4.371887564659119, 4.5031145215034485, 4.628963232040405, 4.755533576011658, 4.872831642627716, 4.989939749240875, 5.112146019935608, 5.243524491786957, 5.383378744125366, 5.528456628322601, 5.673347771167755]}