{"percentage": [1, 2, 3, 4, 5, 6, 7, 8, 9, 10, 11, 12, 13, 14, 15, 16, 17, 18, 19, 20], "threshhold": [1.2513958187596657, 2.103047124499116, 2.638337212411187, 3.024044978096643, 3.3424634705846445, 3.6398259603446625, 3.9313871791911144, 4.218471296180979, 4.507988134493197, 4.797492114265796, 5.0896797381363035, 5.38414310397907, 5.683492365786299, 5.989426534759472, 6.302949826411256, 6.620530444135474, 6.941470147979076, 7.262270744664729, 7.58293606435893, 7.902573805832424]}