{"model_name": "DuoDQN_18_04_2021_03", "turn_bins": 721, "speed_bins": 201, "min_speed": 0.0, "max_speed": 0.02, "max_turn": 3.141592653589793, "degrees": 360, "num_bins_rays": 36, "nn_layers": [[81, 16], [81, 16]], "nn_norm": [false, false], "explore_fraction": [0.4833053065393449, 0.4833053065393449], "training_timesteps": 172000, "sequential_timesteps": 1000, "perc": [0], "mode": ["both"], "gamma": [0.95, 0.95], "lr": [4.31774957153978e-06, 4.31774957153978e-06], "n_batch": [2, 2], "buffer_size": [50000, 50000], "learn_partner": "self", "clipping_during_training": false, "last_act": false}