{"percentage": [1, 2, 3, 4, 5, 6, 7, 8, 9, 10, 11, 12, 13, 14, 15, 16, 17, 18, 19, 20], "threshhold": [1.1075486059110777, 1.6057518487498583, 2.0103278554092556, 2.285843716629941, 2.5162572143965827, 2.7101603115868405, 2.866704627624792, 3.0053902554482574, 3.1408031401246124, 3.2763199922010644, 3.41488228594127, 3.557959604551974, 3.7039547138482147, 3.85319370498132, 4.003923711830862, 4.157804613092232, 4.311207338104053, 4.465748010347724, 4.621412535080717, 4.778479755687923]}