{"model_name": "DuoDQN_09_04_2021_01", "turn_bins": 721, "speed_bins": 201, "min_speed": 0.0, "max_speed": 0.02, "max_turn": 3.141592653589793, "degrees": 360, "num_bins_rays": 36, "nn_layers": [[32, 85], [32, 85]], "nn_norm": [false, false], "explore_fraction": [0.2913070034195864, 0.2913070034195864], "training_timesteps": 226000, "sequential_timesteps": 1000, "perc": [0], "mode": ["both"], "gamma": [0.5475028783588813, 0.5475028783588813], "lr": [2.3958564502450206e-05, 2.3958564502450206e-05], "n_batch": [9, 9], "buffer_size": [25000.0, 25000.0], "learn_partner": "self", "clipping_during_training": true, "last_act": false}