{"model_name": "DQN_02_03_2021_01", "exp_turn_fraction": 5, "exp_min_dist": 0.0, "turn_bins": 20, "speed_bins": 10, "min_speed": 0.0, "max_speed": 0.05, "max_turn": 3.141592653589793, "degrees": 360, "num_bins_rays": 36, "nn_layers": [220], "nn_norm": false, "explore_fraction": 0.1919716327272289, "training_timesteps": 86000, "perc": [0, 1, 3], "gamma": 0.7652454636610544, "lr": 3.1100457878229164e-05, "n_batch": 38}