{"percentage": [1, 2, 3, 4, 5, 6, 7, 8, 9, 10, 11, 12, 13, 14, 15, 16, 17, 18, 19, 20], "threshhold": [0.9938089224011543, 1.444983239543387, 1.824862890495318, 2.1586809182362257, 2.4460201151523733, 2.704846173709557, 2.9396033163424193, 3.1566522306807117, 3.360639591100843, 3.5558339900493587, 3.746183277680167, 3.932235444521808, 4.115203097473783, 4.29654288843421, 4.476602110111636, 4.65603152864708, 4.835234812426686, 5.014469832566917, 5.195701496393394, 5.378845192140899]}