{"model_name": "DQN_17_02_2021_01", "exp_turn_fraction": 4, "exp_min_dist": 0.01, "turn_bins": 20, "speed_bins": 10, "min_speed": 0.01, "max_speed": 0.07, "max_turn": 3.141592653589793, "degrees": 360, "num_bins_rays": 36, "nn_layers": [166, 326], "nn_norm": false, "explore_fraction": 0.28904022700549176, "training_timesteps": 62000, "perc": [0, 1, 3], "gamma": 0.5800765476067229, "lr": 1.0709042458169862e-05, "n_batch": 31}