{"percentage": [1, 2, 3, 4, 5, 6, 7, 8, 9, 10, 11, 12, 13, 14, 15, 16, 17, 18, 19, 20], "threshhold": [0.8699954748153687, 1.3471007943153381, 1.761413812637329, 2.133967161178589, 2.4498212933540344, 2.725410044193268, 2.9717613458633423, 3.1986929774284363, 3.413589894771576, 3.6204991340637207, 3.821288824081421, 4.016671061515808, 4.2072514295578, 4.394706428050995, 4.5801100730896, 4.763097047805786, 4.945091605186462, 5.127082645893097, 5.309826970100403, 5.49464750289917]}