{"percentage": [1, 2, 3, 4, 5, 6, 7, 8, 9, 10, 11, 12, 13, 14, 15, 16, 17, 18, 19, 20], "threshhold": [0.7267752651995197, 1.0707450655039863, 1.3601816418471993, 1.6272797053614392, 1.8803114390086377, 2.103728969297598, 2.2953186019598255, 2.474367100201948, 2.6424777919326017, 2.7961133529514592, 2.936907329197133, 3.0723094707556386, 3.2078177194228226, 3.344423203228747, 3.4832600917067076, 3.62514485108283, 3.769768240379866, 3.9160787547059472, 4.064406384962185, 4.214447538070537]}