{"percentage": [1, 2, 3, 4, 5, 6, 7, 8, 9, 10, 11, 12, 13, 14, 15, 16, 17, 18, 19, 20], "threshhold": [1.0344319021272688, 1.595286427967444, 2.0764974403158427, 2.4821431611729468, 2.829172817330117, 3.1345357890419345, 3.4143663382156495, 3.6781746527387384, 3.930324000178996, 4.173898308063489, 4.410320611478247, 4.642142135967637, 4.869557440100243, 5.093441850158813, 5.314254866440363, 5.533542333861119, 5.752559583246814, 5.971673439338089, 6.191143896646106, 6.4112489933726575]}